{
  "formatVersion": 1,
  "database": {
    "version": 1,
    "identityHash": "807d10478528d5c246edb9e460c87c8d",
    "entities": [
      {
        "tableName": "Player",
        "createSql": "CREATE TABLE IF NOT EXISTS `${TABLE_NAME}` (`playerId` INTEGER PRIMARY KEY AUTOINCREMENT NOT NULL, `name` TEXT, `pilotPoints` INTEGER NOT NULL, `fighterPoints` INTEGER NOT NULL, `traderPoints` INTEGER NOT NULL, `engineerPoints` INTEGER NOT NULL, `difficulty` INTEGER, `credits` INTEGER NOT NULL, `shipId` INTEGER NOT NULL, `planetId` INTEGER NOT NULL)",
        "fields": [
          {
            "fieldPath": "playerId",
            "columnName": "playerId",
            "affinity": "INTEGER",
            "notNull": true
          },
          {
            "fieldPath": "name",
            "columnName": "name",
            "affinity": "TEXT",
            "notNull": false
          },
          {
            "fieldPath": "pilotPoints",
            "columnName": "pilotPoints",
            "affinity": "INTEGER",
            "notNull": true
          },
          {
            "fieldPath": "fighterPoints",
            "columnName": "fighterPoints",
            "affinity": "INTEGER",
            "notNull": true
          },
          {
            "fieldPath": "traderPoints",
            "columnName": "traderPoints",
            "affinity": "INTEGER",
            "notNull": true
          },
          {
            "fieldPath": "engineerPoints",
            "columnName": "engineerPoints",
            "affinity": "INTEGER",
            "notNull": true
          },
          {
            "fieldPath": "difficulty",
            "columnName": "difficulty",
            "affinity": "INTEGER",
            "notNull": false
          },
          {
            "fieldPath": "credits",
            "columnName": "credits",
            "affinity": "INTEGER",
            "notNull": true
          },
          {
            "fieldPath": "shipId",
            "columnName": "shipId",
            "affinity": "INTEGER",
            "notNull": true
          },
          {
            "fieldPath": "planetId",
            "columnName": "planetId",
            "affinity": "INTEGER",
            "notNull": true
          }
        ],
        "primaryKey": {
          "columnNames": [
            "playerId"
          ],
          "autoGenerate": true
        },
        "indices": [],
        "foreignKeys": []
      },
      {
        "tableName": "Game",
        "createSql": "CREATE TABLE IF NOT EXISTS `${TABLE_NAME}` (`gameName` TEXT NOT NULL, PRIMARY KEY(`gameName`))",
        "fields": [
          {
            "fieldPath": "gameName",
            "columnName": "gameName",
            "affinity": "TEXT",
            "notNull": true
          }
        ],
        "primaryKey": {
          "columnNames": [
            "gameName"
          ],
          "autoGenerate": false
        },
        "indices": [],
        "foreignKeys": []
      }
    ],
    "setupQueries": [
      "CREATE TABLE IF NOT EXISTS room_master_table (id INTEGER PRIMARY KEY,identity_hash TEXT)",
      "INSERT OR REPLACE INTO room_master_table (id,identity_hash) VALUES(42, \"807d10478528d5c246edb9e460c87c8d\")"
    ]
  }
}