{
  "formatVersion": 1,
  "database": {
    "version": 6,
    "identityHash": "d0e898e8be6a344c7f639a41a8f5edc4",
    "entities": [
      {
        "tableName": "Player",
        "createSql": "CREATE TABLE IF NOT EXISTS `${TABLE_NAME}` (`playerId` INTEGER PRIMARY KEY AUTOINCREMENT NOT NULL, `universeId` INTEGER NOT NULL, `name` TEXT, `pilotPoints` INTEGER NOT NULL, `fighterPoints` INTEGER NOT NULL, `traderPoints` INTEGER NOT NULL, `engineerPoints` INTEGER NOT NULL, `difficulty` INTEGER, `credits` INTEGER NOT NULL, `inventoryId` INTEGER, `inventoryMap` TEXT, `capacity` INTEGER, `count` INTEGER, `planetId` INTEGER, `planetName` TEXT, `xLoc` INTEGER, `yLoc` INTEGER, `techLevel` INTEGER, `resourceType` INTEGER, FOREIGN KEY(`universeId`) REFERENCES `Universe`(`universeId`) ON UPDATE NO ACTION ON DELETE NO ACTION )",
        "fields": [
          {
            "fieldPath": "playerId",
            "columnName": "playerId",
            "affinity": "INTEGER",
            "notNull": true
          },
          {
            "fieldPath": "universeId",
            "columnName": "universeId",
            "affinity": "INTEGER",
            "notNull": true
          },
          {
            "fieldPath": "name",
            "columnName": "name",
            "affinity": "TEXT",
            "notNull": false
          },
          {
            "fieldPath": "pilotPoints",
            "columnName": "pilotPoints",
            "affinity": "INTEGER",
            "notNull": true
          },
          {
            "fieldPath": "fighterPoints",
            "columnName": "fighterPoints",
            "affinity": "INTEGER",
            "notNull": true
          },
          {
            "fieldPath": "traderPoints",
            "columnName": "traderPoints",
            "affinity": "INTEGER",
            "notNull": true
          },
          {
            "fieldPath": "engineerPoints",
            "columnName": "engineerPoints",
            "affinity": "INTEGER",
            "notNull": true
          },
          {
            "fieldPath": "difficulty",
            "columnName": "difficulty",
            "affinity": "INTEGER",
            "notNull": false
          },
          {
            "fieldPath": "credits",
            "columnName": "credits",
            "affinity": "INTEGER",
            "notNull": true
          },
          {
            "fieldPath": "inventory.inventoryId",
            "columnName": "inventoryId",
            "affinity": "INTEGER",
            "notNull": false
          },
          {
            "fieldPath": "inventory.inventoryMap",
            "columnName": "inventoryMap",
            "affinity": "TEXT",
            "notNull": false
          },
          {
            "fieldPath": "inventory.capacity",
            "columnName": "capacity",
            "affinity": "INTEGER",
            "notNull": false
          },
          {
            "fieldPath": "inventory.count",
            "columnName": "count",
            "affinity": "INTEGER",
            "notNull": false
          },
          {
            "fieldPath": "planet.planetId",
            "columnName": "planetId",
            "affinity": "INTEGER",
            "notNull": false
          },
          {
            "fieldPath": "planet.planetName",
            "columnName": "planetName",
            "affinity": "TEXT",
            "notNull": false
          },
          {
            "fieldPath": "planet.xLoc",
            "columnName": "xLoc",
            "affinity": "INTEGER",
            "notNull": false
          },
          {
            "fieldPath": "planet.yLoc",
            "columnName": "yLoc",
            "affinity": "INTEGER",
            "notNull": false
          },
          {
            "fieldPath": "planet.techLevel",
            "columnName": "techLevel",
            "affinity": "INTEGER",
            "notNull": false
          },
          {
            "fieldPath": "planet.resourceType",
            "columnName": "resourceType",
            "affinity": "INTEGER",
            "notNull": false
          }
        ],
        "primaryKey": {
          "columnNames": [
            "playerId"
          ],
          "autoGenerate": true
        },
        "indices": [],
        "foreignKeys": [
          {
            "table": "Universe",
            "onDelete": "NO ACTION",
            "onUpdate": "NO ACTION",
            "columns": [
              "universeId"
            ],
            "referencedColumns": [
              "universeId"
            ]
          }
        ]
      },
      {
        "tableName": "Planet",
        "createSql": "CREATE TABLE IF NOT EXISTS `${TABLE_NAME}` (`planetId` INTEGER PRIMARY KEY AUTOINCREMENT NOT NULL, `planetName` TEXT, `xLoc` INTEGER NOT NULL, `yLoc` INTEGER NOT NULL, `techLevel` INTEGER, `resourceType` INTEGER)",
        "fields": [
          {
            "fieldPath": "planetId",
            "columnName": "planetId",
            "affinity": "INTEGER",
            "notNull": true
          },
          {
            "fieldPath": "planetName",
            "columnName": "planetName",
            "affinity": "TEXT",
            "notNull": false
          },
          {
            "fieldPath": "xLoc",
            "columnName": "xLoc",
            "affinity": "INTEGER",
            "notNull": true
          },
          {
            "fieldPath": "yLoc",
            "columnName": "yLoc",
            "affinity": "INTEGER",
            "notNull": true
          },
          {
            "fieldPath": "techLevel",
            "columnName": "techLevel",
            "affinity": "INTEGER",
            "notNull": false
          },
          {
            "fieldPath": "resourceType",
            "columnName": "resourceType",
            "affinity": "INTEGER",
            "notNull": false
          }
        ],
        "primaryKey": {
          "columnNames": [
            "planetId"
          ],
          "autoGenerate": true
        },
        "indices": [],
        "foreignKeys": []
      },
      {
        "tableName": "Inventory",
        "createSql": "CREATE TABLE IF NOT EXISTS `${TABLE_NAME}` (`inventoryId` INTEGER NOT NULL, `inventoryMap` TEXT, `capacity` INTEGER NOT NULL, `count` INTEGER NOT NULL, PRIMARY KEY(`inventoryId`))",
        "fields": [
          {
            "fieldPath": "inventoryId",
            "columnName": "inventoryId",
            "affinity": "INTEGER",
            "notNull": true
          },
          {
            "fieldPath": "inventoryMap",
            "columnName": "inventoryMap",
            "affinity": "TEXT",
            "notNull": false
          },
          {
            "fieldPath": "capacity",
            "columnName": "capacity",
            "affinity": "INTEGER",
            "notNull": true
          },
          {
            "fieldPath": "count",
            "columnName": "count",
            "affinity": "INTEGER",
            "notNull": true
          }
        ],
        "primaryKey": {
          "columnNames": [
            "inventoryId"
          ],
          "autoGenerate": false
        },
        "indices": [],
        "foreignKeys": []
      },
      {
        "tableName": "Universe",
        "createSql": "CREATE TABLE IF NOT EXISTS `${TABLE_NAME}` (`universeId` INTEGER PRIMARY KEY AUTOINCREMENT NOT NULL, `planets` TEXT)",
        "fields": [
          {
            "fieldPath": "universeId",
            "columnName": "universeId",
            "affinity": "INTEGER",
            "notNull": true
          },
          {
            "fieldPath": "planets",
            "columnName": "planets",
            "affinity": "TEXT",
            "notNull": false
          }
        ],
        "primaryKey": {
          "columnNames": [
            "universeId"
          ],
          "autoGenerate": true
        },
        "indices": [],
        "foreignKeys": []
      }
    ],
    "setupQueries": [
      "CREATE TABLE IF NOT EXISTS room_master_table (id INTEGER PRIMARY KEY,identity_hash TEXT)",
      "INSERT OR REPLACE INTO room_master_table (id,identity_hash) VALUES(42, \"d0e898e8be6a344c7f639a41a8f5edc4\")"
    ]
  }
}